utc,runner,kind,keys,reserved_keys,reason
2026-09-15T14:04:24Z,forecast_harness,forecast page,2021,,
2026-09-15T14:05:24Z,forecast_harness,forecast page,2021,,
2026-09-15T14:07:25Z,forecast_harness,forecast page,2021,,
2026-09-15T14:17:24Z,forecast_harness,forecast page,2021,,
2026-09-15T14:17:47Z,forecast_harness,forecast page,2021,,
2026-09-15T14:18:38Z,forecast_harness,forecast page,2021,,
2026-09-15T14:18:55Z,forecast_harness,forecast page,2015 2016 2017 2018 2019 2020 2021,,
2026-09-15T14:18:57Z,forecast_harness,forecast page,2015 2016 2017 2018 2019 2020 2021,,
2026-09-15T14:20:22Z,forecast_harness,forecast page,2015 2016 2017 2018 2019 2020 2021,,
2026-09-15T14:20:23Z,forecast_harness,forecast page,2015 2016 2017 2018 2019 2020 2021,,
2026-09-15T14:20:54Z,forecast_harness,forecast page,2015 2016 2017 2018 2019 2020 2021,,
2026-09-15T14:21:05Z,forecast_harness,forecast page,2015 2016 2017 2018 2019 2020 2021,,
2026-09-15T14:44:19Z,forecast_harness,forecast page,2015 2016 2017 2018 2019 2020 2021,,
2026-09-15T14:44:20Z,forecast_harness,forecast page,2015 2016 2017 2018 2019 2020 2021,,
2026-09-15T14:44:53Z,forecast_harness,forecast page,2015 2016 2017 2018 2019 2020 2021,,
2026-09-15T14:44:54Z,forecast_harness,forecast page,2015 2016 2017 2018 2019 2020 2021,,
2026-09-15T14:45:21Z,forecast_harness,forecast page,2021,,
2026-09-15T14:46:40Z,forecast_harness,forecast page,2021,,
